﻿<?xml version="1.0" encoding="utf-8"?>
<Roots xmlns="clr-namespace:Microsoft.Xaml.Tools.XamlCompiler.RootLog;assembly=Microsoft.Windows.UI.Xaml.81.Build.Tasks">
  <Roots.PropertyPathNames>
    <RootPropertyPathName Name="CanDelete" />
    <RootPropertyPathName Name="ActualHeight" />
    <RootPropertyPathName Name="FontSize" />
  </Roots.PropertyPathNames>
  <Roots.RootTypes>
    <RootType FullName="Windows.UI.Xaml.Controls.UserControl">
      <RootProperty Name="Content" />
    </RootType>
    <RootType FullName="Windows.UI.Xaml.Controls.Grid">
      <RootProperty Name="VerticalAlignment" />
      <RootProperty Name="HorizontalAlignment" />
      <RootProperty Name="Background" />
      <RootProperty Name="ColumnDefinitions" />
      <RootProperty Name="Children" />
      <RootMethod Name="GetColumn" />
      <RootMethod Name="SetColumn" />
    </RootType>
    <RootType FullName="Microsoft.Xaml.Tools.DirectUI.ProxyTypes.ThemeResourceExtension" />
    <RootType FullName="Windows.UI.Xaml.Controls.ColumnDefinition">
      <RootProperty Name="Width" />
    </RootType>
    <RootType FullName="Windows.UI.Xaml.Controls.TextBlock">
      <RootProperty Name="Text" />
      <RootProperty Name="Foreground" />
      <RootProperty Name="HorizontalAlignment" />
      <RootProperty Name="TextTrimming" />
      <RootProperty Name="Visibility" />
      <RootProperty Name="MinHeight" />
      <RootProperty Name="Height" />
      <RootProperty Name="FontFamily" />
      <RootProperty Name="TextAlignment" />
      <RootProperty Name="FontSize" />
      <RootEvent Name="Tapped" />
    </RootType>
    <RootType FullName="Windows.UI.Xaml.Data.Binding">
      <RootProperty Name="ElementName" />
      <RootProperty Name="Path" />
    </RootType>
    <RootType FullName="Salesforce.SDK.Native.ServerControl" />
  </Roots.RootTypes>
</Roots>
